file	timesRead	cachefolder	size	md5
calcCarbonPrice.rds	4		112987	f081e9113406822f0b54361da27383db
calcEmber-Fc06f7a5c-6962d9dc.rds	8		98992	b034902f7a2132dd1c21ee677f59b474
calcFAOLandArea.rds	7		2329	e83e332d1f503a97bb5e415d102a3634
calcFE-F9005b22a.rds	8		7853883	f970664379c31517ae15c8e95a3d1c93
calcGDP-F5d88b5f2-c25d42e0.rds	8		171617	b35e2cf0c8e4fc4b6f96bfa366d66619
calcPE-F9aca69d1.rds	8		1623436	ba52f2f858bb206056abc2e055d0b027
calcPolicyStringency-917f5b72.rds	1		80902	cbee1287c526c87e70ab667e79ed929e
calcPopulation-F5d88b5f2-d4e449d0.rds	7		162756	106e7680813ffbf3dd33e1ecfb45bd04
calcSSPextensions-7edac484.rds	10		824763	1d3f29c95b96f2b40c0d7bc0cd4904b5
calcVDem-daeceebc.rds	14		2233454	c6941c71bfbf2ba0be3c3b96ef4696ef
calcVDem.rds	14		1877138	e56f369febac3ee6a7c941aeb4b4d3db
calcWGIindicator.rds	14		505592	8296f043b3b089028a83295367eeba85
